Location Id,Airbnb_Listings,Long_Term_Rental_Properties,Total_Properties,Airbnb_Percentage
327000.0,402,417,819,49.08424908424908
327100.0,312,117,429,72.72727272727273
325800.0,220,357,577,38.128249566724435
326600.0,153,21,174,87.93103448275862
325700.0,142,153,295,48.13559322033898
323000.0,79,189,268,29.47761194029851
332700.0,79,72,151,52.317880794701985
324800.0,62,237,299,20.735785953177256
323900.0,61,210,271,22.509225092250922
330200.0,54,138,192,28.125
322700.0,49,183,232,21.120689655172413
324400.0,48,294,342,14.035087719298245
332000.0,45,54,99,45.45454545454545
326100.0,43,234,277,15.523465703971121
318300.0,42,81,123,34.146341463414636
328900.0,38,252,290,13.10344827586207
332400.0,36,24,60,60.0
332100.0,36,45,81,44.44444444444444
323800.0,36,162,198,18.181818181818183
323300.0,33,363,396,8.333333333333332
331300.0,33,39,72,45.83333333333333
326800.0,32,213,245,13.061224489795919
325200.0,30,81,111,27.027027027027028
323200.0,30,75,105,28.57142857142857
322200.0,27,102,129,20.930232558139537
328100.0,25,27,52,48.07692307692308
329100.0,25,138,163,15.337423312883436
327600.0,24,240,264,9.090909090909092
331700.0,24,51,75,32.0
325900.0,24,69,93,25.806451612903224
330300.0,24,39,63,38.095238095238095
327400.0,23,216,239,9.623430962343097
329400.0,23,153,176,13.068181818181818
327200.0,22,57,79,27.848101265822784
322400.0,22,60,82,26.82926829268293
322900.0,22,57,79,27.848101265822784
331200.0,21,21,42,50.0
322100.0,21,108,129,16.27906976744186
329700.0,20,132,152,13.157894736842104
326400.0,20,21,41,48.78048780487805
330000.0,19,18,37,51.35135135135135
329600.0,19,108,127,14.960629921259844
320600.0,19,72,91,20.87912087912088
320200.0,19,210,229,8.296943231441048
317800.0,19,51,70,27.142857142857142
322600.0,18,33,51,35.294117647058826
319200.0,18,93,111,16.216216216216218
326900.0,18,162,180,10.0
329900.0,17,168,185,9.18918918918919
328500.0,17,141,158,10.759493670886076
318700.0,17,18,35,48.57142857142857
316600.0,17,30,47,36.17021276595745
317000.0,16,6,22,72.72727272727273
331400.0,16,39,55,29.09090909090909
330600.0,16,36,52,30.76923076923077
321800.0,15,255,270,5.555555555555555
321400.0,15,78,93,16.129032258064516
331900.0,15,21,36,41.66666666666667
319500.0,14,66,80,17.5
323400.0,14,57,71,19.718309859154928
331100.0,14,54,68,20.588235294117645
316900.0,14,39,53,26.41509433962264
320800.0,13,60,73,17.80821917808219
323100.0,13,90,103,12.62135922330097
319300.0,13,57,70,18.571428571428573
321000.0,13,117,130,10.0
328700.0,12,69,81,14.814814814814813
325000.0,12,54,66,18.181818181818183
319700.0,12,78,90,13.333333333333334
319800.0,12,60,72,16.666666666666664
319900.0,12,102,114,10.526315789473683
320100.0,11,84,95,11.578947368421053
321500.0,11,39,50,22.0
318000.0,11,54,65,16.923076923076923
320700.0,10,186,196,5.1020408163265305
319600.0,10,57,67,14.925373134328357
326500.0,10,60,70,14.285714285714285
326000.0,10,6,16,62.5
316800.0,10,18,28,35.714285714285715
330100.0,10,102,112,8.928571428571429
324300.0,10,42,52,19.230769230769234
330800.0,10,57,67,14.925373134328357
329300.0,10,48,58,17.24137931034483
322500.0,9,27,36,25.0
329200.0,8,99,107,7.476635514018691
325400.0,8,33,41,19.51219512195122
320900.0,8,78,86,9.30232558139535
330500.0,8,54,62,12.903225806451612
317900.0,8,60,68,11.76470588235294
318600.0,8,27,35,22.857142857142858
327700.0,7,57,64,10.9375
328400.0,7,45,52,13.461538461538462
327800.0,6,30,36,16.666666666666664
318800.0,6,39,45,13.333333333333334
325100.0,6,54,60,10.0
323500.0,6,30,36,16.666666666666664
317400.0,6,30,36,16.666666666666664
324100.0,6,27,33,18.181818181818183
328300.0,6,51,57,10.526315789473683
328200.0,5,129,134,3.731343283582089
323600.0,5,33,38,13.157894736842104
322000.0,5,54,59,8.47457627118644
323700.0,5,18,23,21.73913043478261
319400.0,5,33,38,13.157894736842104
327500.0,5,21,26,19.230769230769234
324200.0,4,6,10,40.0
324600.0,4,42,46,8.695652173913043
329500.0,4,33,37,10.81081081081081
331000.0,4,12,16,25.0
318100.0,3,21,24,12.5
329800.0,3,15,18,16.666666666666664
319000.0,3,42,45,6.666666666666667
321200.0,3,135,138,2.1739130434782608
328800.0,3,33,36,8.333333333333332
317600.0,3,12,15,20.0
328600.0,3,36,39,7.6923076923076925
322800.0,3,24,27,11.11111111111111
330900.0,2,27,29,6.896551724137931
320300.0,2,60,62,3.225806451612903
321600.0,1,6,7,14.285714285714285
330400.0,1,27,28,3.571428571428571
322300.0,1,12,13,7.6923076923076925
231800.0,0,78,78,0.0
231400.0,0,132,132,0.0
247300.0,0,48,48,0.0
247800.0,0,63,63,0.0
247500.0,0,6,6,0.0
231500.0,0,63,63,0.0
231700.0,0,51,51,0.0
247600.0,0,54,54,0.0
231300.0,0,54,54,0.0
247400.0,0,69,69,0.0
247700.0,0,75,75,0.0
247200.0,0,39,39,0.0
231600.0,0,120,120,0.0
246900.0,0,63,63,0.0
247900.0,0,54,54,0.0
248000.0,0,30,30,0.0
250000.0,0,63,63,0.0
250100.0,0,75,75,0.0
250200.0,0,12,12,0.0
250300.0,0,114,114,0.0
250400.0,0,129,129,0.0
250500.0,0,57,57,0.0
250600.0,0,60,60,0.0
250700.0,0,132,132,0.0
250800.0,0,186,186,0.0
250900.0,0,336,336,0.0
251000.0,0,81,81,0.0
251100.0,0,132,132,0.0
251200.0,0,276,276,0.0
251300.0,0,96,96,0.0
251400.0,0,471,471,0.0
251500.0,0,81,81,0.0
251600.0,0,771,771,0.0
249900.0,0,60,60,0.0
249800.0,0,36,36,0.0
231100.0,0,21,21,0.0
232000.0,0,42,42,0.0
248100.0,0,96,96,0.0
248300.0,0,66,66,0.0
248400.0,0,81,81,0.0
248500.0,0,12,12,0.0
248600.0,0,87,87,0.0
248700.0,0,78,78,0.0
248800.0,0,57,57,0.0
249000.0,0,42,42,0.0
249700.0,0,117,117,0.0
249100.0,0,42,42,0.0
249200.0,0,69,69,0.0
231200.0,0,144,144,0.0
249300.0,0,30,30,0.0
249400.0,0,87,87,0.0
249500.0,0,93,93,0.0
249600.0,0,75,75,0.0
248900.0,0,153,153,0.0
232200.0,0,42,42,0.0
247100.0,0,66,66,0.0
241800.0,0,45,45,0.0
243300.0,0,12,12,0.0
243200.0,0,78,78,0.0
243000.0,0,12,12,0.0
242900.0,0,42,42,0.0
242800.0,0,27,27,0.0
242600.0,0,42,42,0.0
242500.0,0,57,57,0.0
242400.0,0,60,60,0.0
242200.0,0,60,60,0.0
242100.0,0,30,30,0.0
242000.0,0,81,81,0.0
241900.0,0,57,57,0.0
241700.0,0,45,45,0.0
243500.0,0,36,36,0.0
241600.0,0,39,39,0.0
241500.0,0,36,36,0.0
241400.0,0,60,60,0.0
241300.0,0,15,15,0.0
241100.0,0,6,6,0.0
241000.0,0,6,6,0.0
240900.0,0,18,18,0.0
240800.0,0,27,27,0.0
240700.0,0,48,48,0.0
240600.0,0,45,45,0.0
240500.0,0,24,24,0.0
240400.0,0,33,33,0.0
243400.0,0,48,48,0.0
243600.0,0,39,39,0.0
246700.0,0,15,15,0.0
245200.0,0,78,78,0.0
246600.0,0,42,42,0.0
246400.0,0,36,36,0.0
246300.0,0,12,12,0.0
246200.0,0,33,33,0.0
246100.0,0,66,66,0.0
246000.0,0,120,120,0.0
245900.0,0,63,63,0.0
245800.0,0,45,45,0.0
245600.0,0,72,72,0.0
245500.0,0,72,72,0.0
245400.0,0,72,72,0.0
245300.0,0,33,33,0.0
245100.0,0,129,129,0.0
243700.0,0,138,138,0.0
245000.0,0,96,96,0.0
244900.0,0,51,51,0.0
244800.0,0,54,54,0.0
244700.0,0,132,132,0.0
244600.0,0,66,66,0.0
244500.0,0,33,33,0.0
244400.0,0,36,36,0.0
244300.0,0,90,90,0.0
244200.0,0,45,45,0.0
244100.0,0,105,105,0.0
244000.0,0,63,63,0.0
243900.0,0,6,6,0.0
240300.0,0,12,12,0.0
240200.0,0,54,54,0.0
240100.0,0,36,36,0.0
234800.0,0,6,6,0.0
236000.0,0,6,6,0.0
235900.0,0,51,51,0.0
235800.0,0,60,60,0.0
235700.0,0,24,24,0.0
235600.0,0,51,51,0.0
235500.0,0,90,90,0.0
235400.0,0,24,24,0.0
235300.0,0,18,18,0.0
247000.0,0,54,54,0.0
235100.0,0,24,24,0.0
235000.0,0,69,69,0.0
234900.0,0,87,87,0.0
234700.0,0,36,36,0.0
240000.0,0,12,12,0.0
234600.0,0,12,12,0.0
234400.0,0,30,30,0.0
234300.0,0,39,39,0.0
234200.0,0,33,33,0.0
234100.0,0,45,45,0.0
233700.0,0,6,6,0.0
233600.0,0,57,57,0.0
233300.0,0,66,66,0.0
233200.0,0,45,45,0.0
233100.0,0,33,33,0.0
232700.0,0,66,66,0.0
232300.0,0,48,48,0.0
236300.0,0,42,42,0.0
236500.0,0,63,63,0.0
236700.0,0,24,24,0.0
236800.0,0,66,66,0.0
239900.0,0,42,42,0.0
239800.0,0,33,33,0.0
239600.0,0,27,27,0.0
239500.0,0,30,30,0.0
239400.0,0,33,33,0.0
239300.0,0,33,33,0.0
239200.0,0,75,75,0.0
239100.0,0,81,81,0.0
239000.0,0,33,33,0.0
238800.0,0,27,27,0.0
238600.0,0,21,21,0.0
238500.0,0,48,48,0.0
238400.0,0,135,135,0.0
238300.0,0,33,33,0.0
238100.0,0,39,39,0.0
238000.0,0,45,45,0.0
237900.0,0,15,15,0.0
237800.0,0,114,114,0.0
237600.0,0,51,51,0.0
237500.0,0,39,39,0.0
237400.0,0,6,6,0.0
237300.0,0,24,24,0.0
237200.0,0,33,33,0.0
237100.0,0,90,90,0.0
237000.0,0,51,51,0.0
235200.0,0,51,51,0.0
100100.0,0,12,12,0.0
231000.0,0,126,126,0.0
212600.0,0,21,21,0.0
213800.0,0,18,18,0.0
213700.0,0,48,48,0.0
213600.0,0,24,24,0.0
213500.0,0,21,21,0.0
213400.0,0,81,81,0.0
213300.0,0,66,66,0.0
213200.0,0,42,42,0.0
213100.0,0,15,15,0.0
213000.0,0,30,30,0.0
212900.0,0,21,21,0.0
212800.0,0,6,6,0.0
212300.0,0,21,21,0.0
230900.0,0,24,24,0.0
212200.0,0,15,15,0.0
212100.0,0,15,15,0.0
211900.0,0,54,54,0.0
211800.0,0,63,63,0.0
211700.0,0,18,18,0.0
211600.0,0,15,15,0.0
211500.0,0,30,30,0.0
211400.0,0,24,24,0.0
211300.0,0,21,21,0.0
211200.0,0,9,9,0.0
211100.0,0,30,30,0.0
213900.0,0,36,36,0.0
214000.0,0,36,36,0.0
214100.0,0,33,33,0.0
214200.0,0,42,42,0.0
216800.0,0,63,63,0.0
216700.0,0,27,27,0.0
216600.0,0,51,51,0.0
216500.0,0,36,36,0.0
216300.0,0,96,96,0.0
216000.0,0,42,42,0.0
215900.0,0,30,30,0.0
215800.0,0,30,30,0.0
215700.0,0,39,39,0.0
215600.0,0,12,12,0.0
215500.0,0,6,6,0.0
215400.0,0,42,42,0.0
215300.0,0,45,45,0.0
215200.0,0,66,66,0.0
215100.0,0,51,51,0.0
215000.0,0,57,57,0.0
214900.0,0,66,66,0.0
214800.0,0,18,18,0.0
214700.0,0,27,27,0.0
214600.0,0,42,42,0.0
214500.0,0,36,36,0.0
214400.0,0,54,54,0.0
214300.0,0,12,12,0.0
211000.0,0,69,69,0.0
210900.0,0,60,60,0.0
210800.0,0,57,57,0.0
207000.0,0,51,51,0.0
206800.0,0,39,39,0.0
206700.0,0,48,48,0.0
206600.0,0,24,24,0.0
206500.0,0,33,33,0.0
206400.0,0,54,54,0.0
206300.0,0,51,51,0.0
206200.0,0,27,27,0.0
206100.0,0,63,63,0.0
206000.0,0,45,45,0.0
205900.0,0,18,18,0.0
205800.0,0,24,24,0.0
205700.0,0,6,6,0.0
205600.0,0,21,21,0.0
205500.0,0,21,21,0.0
205400.0,0,15,15,0.0
205300.0,0,6,6,0.0
205100.0,0,6,6,0.0
204800.0,0,6,6,0.0
204400.0,0,78,78,0.0
204100.0,0,6,6,0.0
203900.0,0,90,90,0.0
203700.0,0,48,48,0.0
203200.0,0,87,87,0.0
206900.0,0,39,39,0.0
207100.0,0,42,42,0.0
210700.0,0,48,48,0.0
207200.0,0,39,39,0.0
210600.0,0,42,42,0.0
210500.0,0,24,24,0.0
210400.0,0,6,6,0.0
210300.0,0,24,24,0.0
210200.0,0,9,9,0.0
210000.0,0,57,57,0.0
209900.0,0,60,60,0.0
209800.0,0,48,48,0.0
209700.0,0,60,60,0.0
209600.0,0,21,21,0.0
209500.0,0,21,21,0.0
209400.0,0,48,48,0.0
209300.0,0,6,6,0.0
209200.0,0,33,33,0.0
209100.0,0,30,30,0.0
209000.0,0,42,42,0.0
208800.0,0,87,87,0.0
208500.0,0,12,12,0.0
208300.0,0,18,18,0.0
208200.0,0,6,6,0.0
208100.0,0,6,6,0.0
207800.0,0,102,102,0.0
207300.0,0,48,48,0.0
216900.0,0,99,99,0.0
217000.0,0,48,48,0.0
217100.0,0,42,42,0.0
227900.0,0,48,48,0.0
227400.0,0,27,27,0.0
227300.0,0,18,18,0.0
227200.0,0,9,9,0.0
227100.0,0,6,6,0.0
227000.0,0,60,60,0.0
226900.0,0,27,27,0.0
226700.0,0,60,60,0.0
226500.0,0,33,33,0.0
226400.0,0,6,6,0.0
225900.0,0,51,51,0.0
225800.0,0,36,36,0.0
225700.0,0,39,39,0.0
225600.0,0,21,21,0.0
225500.0,0,39,39,0.0
225400.0,0,78,78,0.0
225300.0,0,54,54,0.0
225200.0,0,36,36,0.0
225100.0,0,45,45,0.0
225000.0,0,21,21,0.0
224900.0,0,15,15,0.0
224800.0,0,75,75,0.0
224600.0,0,42,42,0.0
224500.0,0,30,30,0.0
227500.0,0,6,6,0.0
228000.0,0,36,36,0.0
224300.0,0,81,81,0.0
228100.0,0,48,48,0.0
230800.0,0,102,102,0.0
230700.0,0,123,123,0.0
230600.0,0,87,87,0.0
230500.0,0,195,195,0.0
251800.0,0,237,237,0.0
230400.0,0,30,30,0.0
230300.0,0,57,57,0.0
230200.0,0,90,90,0.0
230100.0,0,111,111,0.0
230000.0,0,39,39,0.0
229900.0,0,90,90,0.0
229800.0,0,93,93,0.0
229600.0,0,135,135,0.0
229500.0,0,60,60,0.0
229300.0,0,75,75,0.0
229200.0,0,12,12,0.0
229100.0,0,30,30,0.0
229000.0,0,36,36,0.0
228800.0,0,6,6,0.0
228500.0,0,33,33,0.0
228400.0,0,21,21,0.0
228300.0,0,63,63,0.0
228200.0,0,45,45,0.0
224400.0,0,18,18,0.0
224200.0,0,27,27,0.0
217200.0,0,30,30,0.0
220400.0,0,27,27,0.0
220100.0,0,36,36,0.0
220000.0,0,6,6,0.0
219800.0,0,6,6,0.0
219600.0,0,69,69,0.0
219400.0,0,15,15,0.0
219300.0,0,12,12,0.0
219100.0,0,18,18,0.0
219000.0,0,15,15,0.0
218900.0,0,42,42,0.0
218700.0,0,36,36,0.0
218600.0,0,51,51,0.0
218500.0,0,90,90,0.0
218400.0,0,57,57,0.0
218300.0,0,108,108,0.0
218200.0,0,12,12,0.0
218100.0,0,75,75,0.0
218000.0,0,60,60,0.0
217900.0,0,39,39,0.0
217800.0,0,75,75,0.0
217600.0,0,54,54,0.0
217500.0,0,63,63,0.0
217400.0,0,135,135,0.0
217300.0,0,90,90,0.0
220300.0,0,51,51,0.0
220500.0,0,6,6,0.0
224100.0,0,9,9,0.0
220700.0,0,15,15,0.0
224000.0,0,48,48,0.0
223800.0,0,36,36,0.0
223700.0,0,6,6,0.0
223600.0,0,51,51,0.0
223400.0,0,6,6,0.0
223200.0,0,6,6,0.0
223100.0,0,60,60,0.0
222900.0,0,6,6,0.0
222800.0,0,6,6,0.0
222700.0,0,36,36,0.0
222600.0,0,51,51,0.0
222500.0,0,51,51,0.0
222400.0,0,6,6,0.0
222200.0,0,21,21,0.0
221900.0,0,87,87,0.0
221800.0,0,51,51,0.0
221700.0,0,45,45,0.0
221600.0,0,45,45,0.0
221400.0,0,27,27,0.0
221300.0,0,12,12,0.0
221000.0,0,18,18,0.0
220900.0,0,18,18,0.0
220800.0,0,12,12,0.0
251700.0,0,483,483,0.0
301200.0,0,42,42,0.0
251900.0,0,114,114,0.0
342700.0,0,18,18,0.0
345800.0,0,18,18,0.0
345700.0,0,27,27,0.0
345600.0,0,39,39,0.0
345500.0,0,57,57,0.0
345400.0,0,39,39,0.0
345200.0,0,6,6,0.0
345100.0,0,12,12,0.0
345000.0,0,105,105,0.0
344900.0,0,99,99,0.0
344800.0,0,30,30,0.0
344700.0,0,6,6,0.0
344500.0,0,39,39,0.0
344400.0,0,6,6,0.0
344300.0,0,6,6,0.0
344200.0,0,39,39,0.0
344100.0,0,18,18,0.0
344000.0,0,39,39,0.0
343900.0,0,36,36,0.0
343700.0,0,9,9,0.0
343400.0,0,6,6,0.0
343300.0,0,6,6,0.0
346200.0,0,18,18,0.0
346400.0,0,9,9,0.0
346600.0,0,111,111,0.0
347900.0,0,69,69,0.0
348900.0,0,438,438,0.0
348800.0,0,60,60,0.0
348700.0,0,120,120,0.0
348600.0,0,21,21,0.0
348400.0,0,246,246,0.0
348300.0,0,66,66,0.0
348200.0,0,42,42,0.0
348100.0,0,27,27,0.0
348000.0,0,6,6,0.0
347800.0,0,150,150,0.0
346700.0,0,195,195,0.0
347700.0,0,132,132,0.0
347500.0,0,12,12,0.0
347400.0,0,36,36,0.0
347300.0,0,6,6,0.0
347200.0,0,72,72,0.0
347100.0,0,63,63,0.0
347000.0,0,57,57,0.0
346900.0,0,63,63,0.0
346800.0,0,69,69,0.0
342800.0,0,33,33,0.0
342200.0,0,6,6,0.0
349200.0,0,12,12,0.0
342000.0,0,24,24,0.0
338200.0,0,57,57,0.0
338100.0,0,21,21,0.0
337900.0,0,24,24,0.0
337800.0,0,36,36,0.0
337500.0,0,39,39,0.0
337400.0,0,33,33,0.0
337300.0,0,24,24,0.0
337100.0,0,12,12,0.0
336900.0,0,48,48,0.0
336800.0,0,15,15,0.0
336700.0,0,12,12,0.0
336300.0,0,6,6,0.0
336200.0,0,27,27,0.0
336100.0,0,114,114,0.0
336000.0,0,114,114,0.0
335900.0,0,42,42,0.0
335800.0,0,6,6,0.0
335700.0,0,24,24,0.0
335600.0,0,6,6,0.0
335500.0,0,447,447,0.0
335400.0,0,18,18,0.0
338300.0,0,42,42,0.0
338400.0,0,42,42,0.0
338500.0,0,72,72,0.0
340500.0,0,27,27,0.0
341800.0,0,42,42,0.0
341500.0,0,39,39,0.0
341400.0,0,27,27,0.0
341300.0,0,51,51,0.0
341100.0,0,15,15,0.0
341000.0,0,21,21,0.0
340800.0,0,63,63,0.0
340700.0,0,57,57,0.0
340600.0,0,54,54,0.0
340400.0,0,36,36,0.0
338900.0,0,45,45,0.0
340300.0,0,27,27,0.0
340200.0,0,27,27,0.0
340100.0,0,18,18,0.0
340000.0,0,27,27,0.0
339800.0,0,6,6,0.0
339600.0,0,12,12,0.0
339300.0,0,45,45,0.0
339200.0,0,6,6,0.0
339100.0,0,6,6,0.0
349100.0,0,18,18,0.0
349300.0,0,9,9,0.0
252000.0,0,366,366,0.0
355200.0,0,93,93,0.0
360200.0,0,24,24,0.0
360100.0,0,6,6,0.0
360000.0,0,42,42,0.0
359900.0,0,51,51,0.0
359800.0,0,42,42,0.0
359500.0,0,12,12,0.0
358800.0,0,24,24,0.0
358600.0,0,54,54,0.0
358400.0,0,6,6,0.0
358200.0,0,15,15,0.0
357900.0,0,6,6,0.0
357500.0,0,48,48,0.0
356600.0,0,27,27,0.0
356500.0,0,63,63,0.0
356400.0,0,30,30,0.0
356200.0,0,12,12,0.0
355800.0,0,6,6,0.0
355700.0,0,54,54,0.0
355600.0,0,57,57,0.0
355500.0,0,90,90,0.0
355400.0,0,21,21,0.0
360300.0,0,6,6,0.0
360400.0,0,9,9,0.0
360600.0,0,81,81,0.0
362000.0,0,120,120,0.0
363000.0,0,21,21,0.0
362900.0,0,24,24,0.0
362800.0,0,18,18,0.0
362700.0,0,24,24,0.0
362600.0,0,42,42,0.0
362500.0,0,39,39,0.0
362400.0,0,48,48,0.0
362200.0,0,45,45,0.0
362100.0,0,57,57,0.0
361900.0,0,48,48,0.0
360700.0,0,33,33,0.0
361700.0,0,75,75,0.0
361600.0,0,99,99,0.0
361500.0,0,87,87,0.0
361400.0,0,48,48,0.0
361300.0,0,66,66,0.0
361200.0,0,24,24,0.0
361100.0,0,48,48,0.0
361000.0,0,60,60,0.0
360900.0,0,12,12,0.0
355300.0,0,48,48,0.0
355100.0,0,12,12,0.0
349700.0,0,39,39,0.0
355000.0,0,6,6,0.0
352200.0,0,585,585,0.0
352100.0,0,54,54,0.0
352000.0,0,255,255,0.0
351900.0,0,24,24,0.0
351700.0,0,66,66,0.0
351600.0,0,99,99,0.0
351500.0,0,72,72,0.0
351400.0,0,27,27,0.0
351300.0,0,48,48,0.0
351200.0,0,24,24,0.0
351100.0,0,12,12,0.0
351000.0,0,90,90,0.0
350900.0,0,18,18,0.0
350700.0,0,15,15,0.0
350600.0,0,45,45,0.0
350500.0,0,9,9,0.0
350400.0,0,21,21,0.0
350300.0,0,6,6,0.0
350000.0,0,48,48,0.0
349900.0,0,66,66,0.0
349800.0,0,27,27,0.0
352300.0,0,30,30,0.0
352400.0,0,351,351,0.0
352600.0,0,30,30,0.0
353800.0,0,186,186,0.0
354900.0,0,39,39,0.0
354800.0,0,57,57,0.0
354700.0,0,66,66,0.0
354600.0,0,33,33,0.0
354500.0,0,27,27,0.0
354400.0,0,33,33,0.0
354200.0,0,87,87,0.0
354100.0,0,33,33,0.0
354000.0,0,6,6,0.0
353700.0,0,6,6,0.0
352700.0,0,15,15,0.0
353600.0,0,24,24,0.0
353500.0,0,63,63,0.0
353400.0,0,327,327,0.0
353300.0,0,99,99,0.0
353200.0,0,288,288,0.0
353100.0,0,192,192,0.0
353000.0,0,36,36,0.0
352900.0,0,192,192,0.0
352800.0,0,294,294,0.0
335300.0,0,219,219,0.0
335200.0,0,51,51,0.0
335100.0,0,36,36,0.0
257300.0,0,6,6,0.0
302600.0,0,33,33,0.0
302500.0,0,9,9,0.0
302400.0,0,78,78,0.0
302300.0,0,15,15,0.0
302200.0,0,6,6,0.0
302100.0,0,12,12,0.0
301700.0,0,45,45,0.0
301600.0,0,24,24,0.0
301500.0,0,6,6,0.0
301300.0,0,36,36,0.0
100200.0,0,15,15,0.0
301100.0,0,33,33,0.0
301000.0,0,27,27,0.0
300900.0,0,6,6,0.0
300800.0,0,6,6,0.0
300700.0,0,6,6,0.0
300600.0,0,12,12,0.0
300500.0,0,30,30,0.0
257900.0,0,30,30,0.0
257800.0,0,6,6,0.0
257700.0,0,51,51,0.0
302800.0,0,45,45,0.0
302900.0,0,36,36,0.0
303000.0,0,18,18,0.0
304600.0,0,63,63,0.0
305500.0,0,33,33,0.0
305400.0,0,45,45,0.0
305300.0,0,69,69,0.0
305200.0,0,21,21,0.0
305100.0,0,33,33,0.0
305000.0,0,33,33,0.0
304900.0,0,36,36,0.0
304800.0,0,96,96,0.0
304700.0,0,45,45,0.0
304500.0,0,75,75,0.0
303100.0,0,27,27,0.0
304400.0,0,66,66,0.0
304300.0,0,36,36,0.0
304200.0,0,51,51,0.0
304100.0,0,99,99,0.0
303800.0,0,27,27,0.0
303600.0,0,18,18,0.0
303400.0,0,15,15,0.0
303300.0,0,57,57,0.0
303200.0,0,6,6,0.0
257500.0,0,54,54,0.0
257200.0,0,6,6,0.0
335000.0,0,21,21,0.0
257100.0,0,54,54,0.0
254100.0,0,24,24,0.0
254000.0,0,75,75,0.0
253900.0,0,48,48,0.0
253800.0,0,87,87,0.0
253700.0,0,114,114,0.0
253600.0,0,135,135,0.0
253500.0,0,39,39,0.0
253400.0,0,51,51,0.0
253300.0,0,129,129,0.0
253200.0,0,39,39,0.0
253100.0,0,198,198,0.0
253000.0,0,216,216,0.0
252900.0,0,111,111,0.0
252800.0,0,105,105,0.0
252700.0,0,39,39,0.0
252600.0,0,84,84,0.0
252500.0,0,306,306,0.0
252400.0,0,408,408,0.0
252300.0,0,63,63,0.0
252200.0,0,93,93,0.0
252100.0,0,369,369,0.0
254200.0,0,42,42,0.0
254300.0,0,78,78,0.0
254400.0,0,51,51,0.0
255800.0,0,51,51,0.0
256900.0,0,63,63,0.0
256700.0,0,45,45,0.0
256500.0,0,6,6,0.0
256400.0,0,81,81,0.0
256300.0,0,90,90,0.0
256200.0,0,114,114,0.0
256100.0,0,60,60,0.0
256000.0,0,30,30,0.0
255900.0,0,21,21,0.0
255700.0,0,69,69,0.0
254500.0,0,18,18,0.0
255600.0,0,30,30,0.0
255500.0,0,6,6,0.0
255400.0,0,9,9,0.0
255200.0,0,27,27,0.0
255100.0,0,39,39,0.0
254900.0,0,63,63,0.0
254800.0,0,45,45,0.0
254700.0,0,39,39,0.0
254600.0,0,48,48,0.0
305600.0,0,168,168,0.0
305800.0,0,24,24,0.0
305900.0,0,48,48,0.0
306000.0,0,48,48,0.0
318500.0,0,9,9,0.0
318400.0,0,63,63,0.0
318200.0,0,21,21,0.0
317700.0,0,42,42,0.0
317500.0,0,12,12,0.0
317300.0,0,30,30,0.0
316100.0,0,18,18,0.0
316000.0,0,15,15,0.0
315900.0,0,27,27,0.0
315800.0,0,33,33,0.0
315700.0,0,15,15,0.0
315600.0,0,24,24,0.0
315500.0,0,6,6,0.0
315400.0,0,54,54,0.0
315300.0,0,21,21,0.0
314900.0,0,27,27,0.0
314800.0,0,12,12,0.0
314700.0,0,105,105,0.0
314600.0,0,57,57,0.0
314500.0,0,33,33,0.0
314300.0,0,6,6,0.0
318900.0,0,27,27,0.0
320500.0,0,75,75,0.0
321100.0,0,72,72,0.0
328000.0,0,33,33,0.0
334900.0,0,54,54,0.0
334700.0,0,6,6,0.0
334500.0,0,6,6,0.0
334000.0,0,48,48,0.0
333900.0,0,12,12,0.0
333700.0,0,6,6,0.0
332500.0,0,78,78,0.0
331800.0,0,9,9,0.0
329000.0,0,93,93,0.0
327900.0,0,441,441,0.0
321300.0,0,48,48,0.0
327300.0,0,69,69,0.0
326700.0,0,24,24,0.0
326300.0,0,57,57,0.0
325600.0,0,42,42,0.0
325300.0,0,381,381,0.0
324500.0,0,102,102,0.0
324000.0,0,39,39,0.0
321900.0,0,84,84,0.0
321700.0,0,102,102,0.0
314200.0,0,54,54,0.0
314100.0,0,9,9,0.0
314000.0,0,9,9,0.0
307500.0,0,48,48,0.0
308400.0,0,54,54,0.0
308300.0,0,39,39,0.0
308200.0,0,60,60,0.0
308100.0,0,57,57,0.0
308000.0,0,39,39,0.0
307900.0,0,45,45,0.0
307800.0,0,54,54,0.0
307700.0,0,15,15,0.0
307600.0,0,42,42,0.0
307400.0,0,6,6,0.0
308800.0,0,12,12,0.0
307300.0,0,39,39,0.0
307200.0,0,6,6,0.0
307100.0,0,39,39,0.0
307000.0,0,12,12,0.0
306800.0,0,78,78,0.0
306700.0,0,9,9,0.0
306500.0,0,6,6,0.0
306300.0,0,18,18,0.0
306200.0,0,36,36,0.0
308600.0,0,42,42,0.0
308900.0,0,42,42,0.0
313900.0,0,6,6,0.0
312200.0,0,9,9,0.0
313700.0,0,9,9,0.0
313600.0,0,6,6,0.0
313200.0,0,27,27,0.0
313000.0,0,6,6,0.0
312900.0,0,54,54,0.0
312800.0,0,15,15,0.0
312700.0,0,9,9,0.0
312500.0,0,6,6,0.0
312300.0,0,27,27,0.0
311500.0,0,63,63,0.0
309200.0,0,48,48,0.0
310700.0,0,6,6,0.0
310600.0,0,6,6,0.0
310500.0,0,15,15,0.0
310400.0,0,18,18,0.0
310300.0,0,12,12,0.0
310200.0,0,12,12,0.0
310100.0,0,24,24,0.0
309800.0,0,21,21,0.0
309400.0,0,51,51,0.0
203000.0,0,6,6,0.0
202900.0,0,51,51,0.0
202800.0,0,54,54,0.0
138100.0,0,90,90,0.0
135100.0,0,525,525,0.0
135000.0,0,138,138,0.0
134900.0,0,69,69,0.0
134800.0,0,732,732,0.0
134700.0,0,39,39,0.0
134600.0,0,24,24,0.0
134500.0,0,504,504,0.0
134400.0,0,171,171,0.0
134300.0,0,246,246,0.0
134200.0,0,144,144,0.0
134100.0,0,414,414,0.0
134000.0,0,21,21,0.0
133900.0,0,27,27,0.0
133800.0,0,207,207,0.0
133700.0,0,312,312,0.0
133600.0,0,126,126,0.0
133500.0,0,144,144,0.0
133400.0,0,564,564,0.0
133300.0,0,228,228,0.0
133200.0,0,228,228,0.0
133100.0,0,213,213,0.0
133000.0,0,75,75,0.0
132900.0,0,93,93,0.0
132800.0,0,120,120,0.0
132700.0,0,498,498,0.0
135200.0,0,54,54,0.0
135300.0,0,474,474,0.0
135400.0,0,66,66,0.0
136800.0,0,48,48,0.0
137900.0,0,60,60,0.0
137800.0,0,168,168,0.0
137700.0,0,99,99,0.0
137600.0,0,84,84,0.0
137500.0,0,24,24,0.0
137400.0,0,93,93,0.0
137300.0,0,27,27,0.0
137200.0,0,78,78,0.0
137100.0,0,54,54,0.0
137000.0,0,81,81,0.0
136900.0,0,102,102,0.0
136700.0,0,39,39,0.0
135500.0,0,159,159,0.0
136600.0,0,129,129,0.0
136500.0,0,132,132,0.0
136400.0,0,261,261,0.0
136300.0,0,129,129,0.0
136200.0,0,57,57,0.0
136100.0,0,234,234,0.0
136000.0,0,468,468,0.0
135900.0,0,465,465,0.0
135800.0,0,108,108,0.0
135700.0,0,264,264,0.0
135600.0,0,117,117,0.0
132600.0,0,132,132,0.0
132500.0,0,42,42,0.0
132400.0,0,480,480,0.0
128200.0,0,60,60,0.0
129400.0,0,33,33,0.0
129300.0,0,78,78,0.0
129200.0,0,66,66,0.0
129100.0,0,150,150,0.0
129000.0,0,72,72,0.0
128900.0,0,90,90,0.0
128800.0,0,108,108,0.0
128600.0,0,24,24,0.0
128500.0,0,78,78,0.0
128400.0,0,114,114,0.0
128300.0,0,84,84,0.0
128100.0,0,48,48,0.0
129600.0,0,126,126,0.0
128000.0,0,21,21,0.0
127900.0,0,105,105,0.0
127800.0,0,27,27,0.0
127700.0,0,207,207,0.0
127600.0,0,21,21,0.0
127500.0,0,60,60,0.0
127400.0,0,75,75,0.0
127300.0,0,69,69,0.0
127200.0,0,6,6,0.0
127100.0,0,96,96,0.0
127000.0,0,126,126,0.0
129500.0,0,45,45,0.0
129700.0,0,105,105,0.0
132300.0,0,96,96,0.0
131100.0,0,129,129,0.0
132200.0,0,84,84,0.0
132100.0,0,162,162,0.0
132000.0,0,132,132,0.0
131900.0,0,138,138,0.0
131800.0,0,156,156,0.0
131700.0,0,66,66,0.0
131600.0,0,66,66,0.0
131500.0,0,90,90,0.0
131400.0,0,27,27,0.0
131300.0,0,141,141,0.0
131200.0,0,90,90,0.0
131000.0,0,78,78,0.0
129800.0,0,18,18,0.0
130900.0,0,123,123,0.0
130800.0,0,90,90,0.0
130700.0,0,66,66,0.0
130600.0,0,69,69,0.0
130500.0,0,69,69,0.0
130400.0,0,36,36,0.0
130300.0,0,60,60,0.0
130200.0,0,93,93,0.0
130100.0,0,57,57,0.0
130000.0,0,9,9,0.0
129900.0,0,105,105,0.0
138000.0,0,18,18,0.0
138200.0,0,60,60,0.0
126800.0,0,75,75,0.0
138300.0,0,102,102,0.0
146600.0,0,105,105,0.0
146500.0,0,96,96,0.0
146400.0,0,57,57,0.0
146300.0,0,150,150,0.0
146200.0,0,132,132,0.0
146100.0,0,48,48,0.0
146000.0,0,90,90,0.0
145900.0,0,12,12,0.0
145800.0,0,105,105,0.0
145700.0,0,54,54,0.0
145600.0,0,69,69,0.0
145500.0,0,54,54,0.0
145400.0,0,54,54,0.0
145300.0,0,90,90,0.0
145200.0,0,57,57,0.0
145100.0,0,72,72,0.0
145000.0,0,177,177,0.0
144900.0,0,39,39,0.0
144800.0,0,105,105,0.0
144700.0,0,177,177,0.0
144600.0,0,27,27,0.0
144500.0,0,108,108,0.0
144400.0,0,102,102,0.0
144300.0,0,120,120,0.0
144200.0,0,99,99,0.0
146700.0,0,204,204,0.0
146800.0,0,72,72,0.0
146900.0,0,33,33,0.0
148600.0,0,66,66,0.0
149800.0,0,126,126,0.0
149700.0,0,141,141,0.0
149500.0,0,60,60,0.0
149400.0,0,18,18,0.0
149300.0,0,81,81,0.0
149200.0,0,51,51,0.0
149100.0,0,180,180,0.0
149000.0,0,120,120,0.0
148900.0,0,54,54,0.0
148800.0,0,51,51,0.0
148700.0,0,45,45,0.0
148500.0,0,81,81,0.0
147000.0,0,129,129,0.0
148400.0,0,60,60,0.0
148300.0,0,39,39,0.0
148200.0,0,27,27,0.0
148100.0,0,60,60,0.0
148000.0,0,45,45,0.0
147900.0,0,6,6,0.0
147800.0,0,51,51,0.0
147600.0,0,42,42,0.0
147500.0,0,135,135,0.0
147200.0,0,276,276,0.0
147100.0,0,114,114,0.0
144100.0,0,102,102,0.0
144000.0,0,45,45,0.0
143900.0,0,72,72,0.0
139700.0,0,78,78,0.0
140800.0,0,99,99,0.0
140700.0,0,60,60,0.0
140600.0,0,42,42,0.0
140500.0,0,78,78,0.0
140400.0,0,66,66,0.0
140300.0,0,129,129,0.0
140200.0,0,99,99,0.0
140100.0,0,42,42,0.0
140000.0,0,66,66,0.0
139900.0,0,99,99,0.0
139800.0,0,108,108,0.0
139600.0,0,75,75,0.0
141000.0,0,105,105,0.0
139500.0,0,81,81,0.0
139400.0,0,84,84,0.0
139300.0,0,54,54,0.0
139200.0,0,54,54,0.0
139100.0,0,33,33,0.0
139000.0,0,102,102,0.0
138900.0,0,96,96,0.0
138700.0,0,144,144,0.0
138600.0,0,69,69,0.0
138500.0,0,210,210,0.0
138400.0,0,120,120,0.0
140900.0,0,102,102,0.0
141100.0,0,168,168,0.0
143800.0,0,90,90,0.0
142600.0,0,72,72,0.0
143700.0,0,39,39,0.0
143600.0,0,39,39,0.0
143500.0,0,72,72,0.0
143400.0,0,114,114,0.0
143300.0,0,114,114,0.0
143200.0,0,90,90,0.0
143100.0,0,99,99,0.0
143000.0,0,72,72,0.0
142900.0,0,57,57,0.0
142800.0,0,138,138,0.0
142700.0,0,57,57,0.0
142500.0,0,48,48,0.0
141200.0,0,84,84,0.0
142400.0,0,51,51,0.0
142300.0,0,42,42,0.0
142200.0,0,126,126,0.0
142100.0,0,84,84,0.0
142000.0,0,81,81,0.0
141900.0,0,51,51,0.0
141800.0,0,84,84,0.0
141700.0,0,51,51,0.0
141600.0,0,60,60,0.0
141500.0,0,105,105,0.0
141300.0,0,60,60,0.0
126900.0,0,48,48,0.0
126700.0,0,144,144,0.0
202700.0,0,75,75,0.0
114800.0,0,24,24,0.0
111400.0,0,12,12,0.0
111300.0,0,114,114,0.0
111200.0,0,42,42,0.0
111100.0,0,45,45,0.0
110900.0,0,27,27,0.0
110800.0,0,6,6,0.0
110700.0,0,12,12,0.0
110500.0,0,54,54,0.0
110400.0,0,30,30,0.0
110200.0,0,18,18,0.0
110100.0,0,30,30,0.0
109900.0,0,90,90,0.0
109800.0,0,42,42,0.0
109700.0,0,36,36,0.0
109600.0,0,12,12,0.0
109500.0,0,21,21,0.0
109300.0,0,138,138,0.0
109200.0,0,6,6,0.0
109100.0,0,18,18,0.0
109000.0,0,45,45,0.0
108900.0,0,18,18,0.0
108800.0,0,60,60,0.0
108700.0,0,63,63,0.0
108600.0,0,6,6,0.0
108500.0,0,27,27,0.0
111500.0,0,27,27,0.0
111600.0,0,6,6,0.0
111700.0,0,78,78,0.0
113300.0,0,96,96,0.0
114600.0,0,63,63,0.0
114500.0,0,6,6,0.0
114400.0,0,27,27,0.0
114200.0,0,21,21,0.0
114100.0,0,33,33,0.0
114000.0,0,48,48,0.0
113900.0,0,48,48,0.0
113800.0,0,45,45,0.0
113600.0,0,21,21,0.0
113500.0,0,18,18,0.0
113400.0,0,129,129,0.0
113200.0,0,6,6,0.0
111900.0,0,21,21,0.0
113100.0,0,60,60,0.0
113000.0,0,108,108,0.0
112900.0,0,60,60,0.0
112800.0,0,18,18,0.0
112700.0,0,111,111,0.0
112600.0,0,12,12,0.0
112500.0,0,21,21,0.0
112400.0,0,45,45,0.0
112300.0,0,18,18,0.0
112200.0,0,18,18,0.0
112100.0,0,30,30,0.0
108300.0,0,66,66,0.0
108200.0,0,60,60,0.0
108100.0,0,36,36,0.0
102800.0,0,33,33,0.0
104800.0,0,6,6,0.0
104600.0,0,12,12,0.0
104300.0,0,21,21,0.0
103900.0,0,36,36,0.0
103700.0,0,15,15,0.0
103500.0,0,87,87,0.0
103400.0,0,6,6,0.0
103300.0,0,12,12,0.0
103100.0,0,42,42,0.0
103000.0,0,93,93,0.0
102900.0,0,6,6,0.0
102600.0,0,12,12,0.0
105100.0,0,15,15,0.0
102500.0,0,6,6,0.0
102400.0,0,15,15,0.0
102300.0,0,6,6,0.0
102200.0,0,24,24,0.0
102100.0,0,6,6,0.0
101400.0,0,6,6,0.0
101100.0,0,54,54,0.0
100800.0,0,72,72,0.0
100700.0,0,51,51,0.0
100600.0,0,15,15,0.0
100400.0,0,24,24,0.0
104900.0,0,18,18,0.0
105200.0,0,6,6,0.0
108000.0,0,6,6,0.0
106700.0,0,12,12,0.0
107800.0,0,18,18,0.0
107700.0,0,6,6,0.0
107600.0,0,15,15,0.0
107500.0,0,72,72,0.0
107400.0,0,54,54,0.0
107300.0,0,54,54,0.0
107200.0,0,45,45,0.0
107100.0,0,42,42,0.0
107000.0,0,120,120,0.0
106900.0,0,69,69,0.0
106800.0,0,75,75,0.0
106600.0,0,114,114,0.0
105300.0,0,24,24,0.0
106500.0,0,60,60,0.0
106400.0,0,33,33,0.0
106300.0,0,15,15,0.0
106200.0,0,69,69,0.0
106100.0,0,63,63,0.0
106000.0,0,33,33,0.0
105900.0,0,54,54,0.0
105800.0,0,66,66,0.0
105600.0,0,21,21,0.0
105500.0,0,36,36,0.0
105400.0,0,12,12,0.0
114700.0,0,33,33,0.0
114900.0,0,78,78,0.0
126600.0,0,201,201,0.0
115000.0,0,132,132,0.0
123400.0,0,111,111,0.0
123300.0,0,75,75,0.0
123200.0,0,129,129,0.0
123100.0,0,87,87,0.0
123000.0,0,63,63,0.0
122900.0,0,90,90,0.0
122800.0,0,111,111,0.0
122700.0,0,96,96,0.0
122600.0,0,63,63,0.0
122500.0,0,81,81,0.0
122400.0,0,72,72,0.0
122300.0,0,72,72,0.0
122200.0,0,42,42,0.0
122100.0,0,63,63,0.0
122000.0,0,54,54,0.0
121900.0,0,90,90,0.0
121800.0,0,69,69,0.0
121700.0,0,30,30,0.0
121600.0,0,99,99,0.0
121500.0,0,66,66,0.0
121400.0,0,42,42,0.0
121300.0,0,99,99,0.0
121200.0,0,78,78,0.0
121100.0,0,12,12,0.0
121000.0,0,69,69,0.0
123600.0,0,102,102,0.0
123700.0,0,87,87,0.0
123800.0,0,96,96,0.0
125400.0,0,96,96,0.0
126500.0,0,66,66,0.0
126400.0,0,114,114,0.0
126300.0,0,36,36,0.0
126200.0,0,81,81,0.0
126100.0,0,30,30,0.0
126000.0,0,27,27,0.0
125900.0,0,57,57,0.0
125800.0,0,90,90,0.0
125700.0,0,60,60,0.0
125600.0,0,105,105,0.0
125500.0,0,117,117,0.0
125300.0,0,39,39,0.0
123900.0,0,51,51,0.0
125200.0,0,99,99,0.0
125000.0,0,57,57,0.0
124900.0,0,96,96,0.0
124800.0,0,123,123,0.0
124700.0,0,6,6,0.0
124600.0,0,66,66,0.0
124500.0,0,132,132,0.0
124400.0,0,96,96,0.0
124300.0,0,90,90,0.0
124200.0,0,48,48,0.0
124000.0,0,90,90,0.0
120900.0,0,72,72,0.0
120800.0,0,51,51,0.0
120700.0,0,15,15,0.0
116400.0,0,24,24,0.0
117500.0,0,78,78,0.0
117400.0,0,48,48,0.0
117300.0,0,147,147,0.0
117200.0,0,72,72,0.0
117100.0,0,6,6,0.0
117000.0,0,180,180,0.0
116900.0,0,84,84,0.0
116800.0,0,90,90,0.0
116700.0,0,150,150,0.0
116600.0,0,33,33,0.0
116500.0,0,84,84,0.0
116200.0,0,75,75,0.0
117700.0,0,69,69,0.0
116100.0,0,45,45,0.0
116000.0,0,18,18,0.0
115900.0,0,51,51,0.0
115800.0,0,63,63,0.0
115700.0,0,42,42,0.0
115600.0,0,24,24,0.0
115500.0,0,33,33,0.0
115400.0,0,30,30,0.0
115300.0,0,15,15,0.0
115200.0,0,39,39,0.0
115100.0,0,78,78,0.0
117600.0,0,72,72,0.0
117800.0,0,48,48,0.0
120600.0,0,69,69,0.0
119400.0,0,36,36,0.0
120500.0,0,60,60,0.0
120400.0,0,132,132,0.0
120300.0,0,45,45,0.0
120200.0,0,477,477,0.0
120100.0,0,6,6,0.0
120000.0,0,42,42,0.0
119900.0,0,30,30,0.0
119800.0,0,129,129,0.0
119700.0,0,51,51,0.0
119600.0,0,126,126,0.0
119500.0,0,51,51,0.0
119200.0,0,36,36,0.0
117900.0,0,69,69,0.0
119100.0,0,51,51,0.0
119000.0,0,54,54,0.0
118900.0,0,45,45,0.0
118700.0,0,66,66,0.0
118600.0,0,33,33,0.0
118500.0,0,99,99,0.0
118400.0,0,96,96,0.0
118300.0,0,78,78,0.0
118200.0,0,81,81,0.0
118100.0,0,84,84,0.0
118000.0,0,12,12,0.0
149900.0,0,27,27,0.0
150000.0,0,24,24,0.0
150100.0,0,129,129,0.0
189100.0,0,51,51,0.0
184800.0,0,45,45,0.0
184500.0,0,9,9,0.0
184400.0,0,33,33,0.0
184300.0,0,36,36,0.0
184200.0,0,39,39,0.0
184000.0,0,27,27,0.0
183900.0,0,42,42,0.0
183800.0,0,57,57,0.0
183700.0,0,21,21,0.0
183600.0,0,54,54,0.0
183500.0,0,33,33,0.0
183400.0,0,21,21,0.0
183300.0,0,18,18,0.0
183200.0,0,30,30,0.0
183100.0,0,6,6,0.0
183000.0,0,12,12,0.0
182900.0,0,39,39,0.0
182800.0,0,69,69,0.0
182700.0,0,66,66,0.0
182600.0,0,48,48,0.0
182500.0,0,9,9,0.0
182100.0,0,33,33,0.0
181800.0,0,12,12,0.0
181700.0,0,12,12,0.0
181600.0,0,24,24,0.0
185400.0,0,6,6,0.0
185500.0,0,78,78,0.0
185600.0,0,6,6,0.0
187400.0,0,21,21,0.0
188900.0,0,90,90,0.0
188800.0,0,69,69,0.0
188700.0,0,39,39,0.0
188500.0,0,63,63,0.0
188400.0,0,48,48,0.0
188300.0,0,30,30,0.0
188200.0,0,6,6,0.0
188000.0,0,21,21,0.0
187900.0,0,12,12,0.0
187800.0,0,6,6,0.0
187700.0,0,15,15,0.0
187300.0,0,42,42,0.0
185700.0,0,6,6,0.0
187200.0,0,15,15,0.0
186800.0,0,36,36,0.0
186700.0,0,33,33,0.0
186600.0,0,48,48,0.0
186500.0,0,72,72,0.0
186400.0,0,51,51,0.0
186300.0,0,39,39,0.0
186200.0,0,60,60,0.0
186000.0,0,105,105,0.0
185900.0,0,12,12,0.0
185800.0,0,30,30,0.0
181500.0,0,6,6,0.0
181300.0,0,18,18,0.0
181200.0,0,60,60,0.0
177100.0,0,36,36,0.0
178200.0,0,144,144,0.0
178100.0,0,72,72,0.0
178000.0,0,111,111,0.0
177900.0,0,87,87,0.0
177800.0,0,84,84,0.0
177700.0,0,99,99,0.0
177600.0,0,108,108,0.0
177500.0,0,60,60,0.0
177400.0,0,66,66,0.0
177300.0,0,48,48,0.0
177200.0,0,78,78,0.0
177000.0,0,21,21,0.0
178400.0,0,42,42,0.0
176900.0,0,21,21,0.0
176800.0,0,57,57,0.0
176700.0,0,42,42,0.0
176600.0,0,51,51,0.0
176500.0,0,63,63,0.0
176400.0,0,63,63,0.0
176300.0,0,6,6,0.0
176200.0,0,63,63,0.0
176100.0,0,117,117,0.0
176000.0,0,51,51,0.0
175900.0,0,93,93,0.0
178300.0,0,234,234,0.0
178500.0,0,69,69,0.0
181100.0,0,69,69,0.0
179900.0,0,672,672,0.0
181000.0,0,42,42,0.0
180900.0,0,87,87,0.0
180800.0,0,153,153,0.0
180700.0,0,183,183,0.0
180600.0,0,147,147,0.0
180500.0,0,54,54,0.0
180400.0,0,36,36,0.0
180300.0,0,96,96,0.0
180200.0,0,117,117,0.0
180100.0,0,249,249,0.0
180000.0,0,66,66,0.0
179800.0,0,126,126,0.0
178600.0,0,21,21,0.0
179700.0,0,240,240,0.0
179600.0,0,114,114,0.0
179500.0,0,240,240,0.0
179400.0,0,84,84,0.0
179300.0,0,162,162,0.0
179200.0,0,90,90,0.0
179100.0,0,117,117,0.0
179000.0,0,36,36,0.0
178900.0,0,66,66,0.0
178800.0,0,138,138,0.0
178700.0,0,198,198,0.0
189000.0,0,63,63,0.0
189200.0,0,54,54,0.0
150200.0,0,33,33,0.0
189300.0,0,57,57,0.0
199000.0,0,84,84,0.0
198900.0,0,33,33,0.0
198800.0,0,39,39,0.0
198700.0,0,21,21,0.0
198600.0,0,63,63,0.0
198500.0,0,18,18,0.0
198400.0,0,33,33,0.0
198200.0,0,33,33,0.0
198100.0,0,24,24,0.0
198000.0,0,6,6,0.0
197900.0,0,12,12,0.0
197700.0,0,12,12,0.0
197600.0,0,285,285,0.0
197500.0,0,57,57,0.0
197400.0,0,66,66,0.0
197300.0,0,45,45,0.0
197200.0,0,57,57,0.0
197100.0,0,60,60,0.0
197000.0,0,51,51,0.0
196900.0,0,51,51,0.0
196800.0,0,48,48,0.0
196700.0,0,39,39,0.0
196600.0,0,54,54,0.0
196500.0,0,18,18,0.0
196400.0,0,57,57,0.0
199100.0,0,57,57,0.0
199200.0,0,42,42,0.0
199400.0,0,36,36,0.0
200800.0,0,33,33,0.0
202600.0,0,63,63,0.0
202500.0,0,12,12,0.0
202300.0,0,6,6,0.0
202200.0,0,15,15,0.0
201800.0,0,6,6,0.0
201700.0,0,6,6,0.0
201500.0,0,54,54,0.0
201400.0,0,54,54,0.0
201200.0,0,75,75,0.0
201000.0,0,42,42,0.0
200900.0,0,75,75,0.0
200700.0,0,24,24,0.0
199500.0,0,69,69,0.0
200600.0,0,30,30,0.0
200500.0,0,93,93,0.0
200400.0,0,21,21,0.0
200300.0,0,135,135,0.0
200200.0,0,30,30,0.0
200100.0,0,39,39,0.0
200000.0,0,6,6,0.0
199900.0,0,30,30,0.0
199800.0,0,54,54,0.0
199700.0,0,63,63,0.0
199600.0,0,18,18,0.0
196300.0,0,27,27,0.0
196200.0,0,66,66,0.0
196000.0,0,42,42,0.0
191400.0,0,24,24,0.0
192800.0,0,147,147,0.0
192600.0,0,36,36,0.0
192500.0,0,36,36,0.0
192400.0,0,24,24,0.0
192100.0,0,69,69,0.0
192000.0,0,21,21,0.0
191900.0,0,63,63,0.0
191800.0,0,9,9,0.0
191700.0,0,27,27,0.0
191600.0,0,18,18,0.0
191500.0,0,6,6,0.0
191300.0,0,18,18,0.0
193000.0,0,30,30,0.0
191100.0,0,54,54,0.0
191000.0,0,57,57,0.0
190900.0,0,12,12,0.0
190600.0,0,120,120,0.0
190500.0,0,33,33,0.0
190400.0,0,6,6,0.0
190300.0,0,15,15,0.0
190200.0,0,57,57,0.0
189700.0,0,99,99,0.0
189600.0,0,6,6,0.0
189400.0,0,42,42,0.0
192900.0,0,36,36,0.0
193100.0,0,69,69,0.0
195900.0,0,39,39,0.0
194600.0,0,90,90,0.0
195800.0,0,81,81,0.0
195700.0,0,51,51,0.0
195600.0,0,9,9,0.0
195500.0,0,99,99,0.0
195400.0,0,30,30,0.0
195300.0,0,51,51,0.0
195200.0,0,75,75,0.0
195100.0,0,171,171,0.0
194900.0,0,63,63,0.0
194800.0,0,132,132,0.0
194700.0,0,12,12,0.0
194400.0,0,45,45,0.0
193200.0,0,78,78,0.0
194300.0,0,48,48,0.0
194200.0,0,6,6,0.0
194100.0,0,24,24,0.0
194000.0,0,72,72,0.0
193900.0,0,6,6,0.0
193800.0,0,72,72,0.0
193700.0,0,66,66,0.0
193600.0,0,45,45,0.0
193500.0,0,69,69,0.0
193400.0,0,78,78,0.0
193300.0,0,90,90,0.0
175800.0,0,63,63,0.0
175700.0,0,54,54,0.0
175600.0,0,96,96,0.0
175500.0,0,45,45,0.0
158700.0,0,51,51,0.0
158600.0,0,228,228,0.0
158500.0,0,66,66,0.0
158400.0,0,111,111,0.0
158300.0,0,72,72,0.0
158200.0,0,78,78,0.0
158100.0,0,144,144,0.0
158000.0,0,84,84,0.0
157900.0,0,57,57,0.0
157800.0,0,63,63,0.0
157700.0,0,45,45,0.0
157600.0,0,126,126,0.0
157500.0,0,54,54,0.0
157400.0,0,42,42,0.0
157300.0,0,48,48,0.0
157200.0,0,15,15,0.0
157100.0,0,30,30,0.0
157000.0,0,75,75,0.0
156900.0,0,51,51,0.0
156800.0,0,18,18,0.0
156700.0,0,57,57,0.0
156600.0,0,42,42,0.0
156500.0,0,114,114,0.0
156400.0,0,96,96,0.0
156300.0,0,36,36,0.0
158800.0,0,87,87,0.0
158900.0,0,27,27,0.0
159000.0,0,51,51,0.0
160400.0,0,96,96,0.0
161500.0,0,21,21,0.0
161400.0,0,57,57,0.0
161300.0,0,69,69,0.0
161200.0,0,69,69,0.0
161100.0,0,39,39,0.0
161000.0,0,39,39,0.0
160900.0,0,153,153,0.0
160800.0,0,93,93,0.0
160700.0,0,93,93,0.0
160600.0,0,159,159,0.0
160500.0,0,84,84,0.0
160300.0,0,81,81,0.0
159100.0,0,90,90,0.0
160200.0,0,63,63,0.0
160100.0,0,96,96,0.0
160000.0,0,75,75,0.0
159900.0,0,75,75,0.0
159800.0,0,6,6,0.0
159700.0,0,18,18,0.0
159600.0,0,42,42,0.0
159500.0,0,54,54,0.0
159400.0,0,30,30,0.0
159300.0,0,33,33,0.0
159200.0,0,165,165,0.0
156200.0,0,144,144,0.0
156100.0,0,39,39,0.0
155900.0,0,66,66,0.0
151500.0,0,63,63,0.0
152800.0,0,21,21,0.0
152600.0,0,24,24,0.0
152500.0,0,24,24,0.0
152400.0,0,138,138,0.0
152300.0,0,6,6,0.0
152200.0,0,48,48,0.0
152100.0,0,150,150,0.0
152000.0,0,102,102,0.0
151900.0,0,135,135,0.0
151800.0,0,81,81,0.0
151600.0,0,99,99,0.0
151400.0,0,96,96,0.0
153000.0,0,42,42,0.0
151300.0,0,126,126,0.0
151200.0,0,72,72,0.0
151100.0,0,54,54,0.0
151000.0,0,30,30,0.0
150900.0,0,108,108,0.0
150800.0,0,45,45,0.0
150700.0,0,78,78,0.0
150600.0,0,63,63,0.0
150500.0,0,72,72,0.0
150400.0,0,93,93,0.0
150300.0,0,138,138,0.0
152900.0,0,63,63,0.0
153100.0,0,45,45,0.0
155800.0,0,54,54,0.0
154500.0,0,54,54,0.0
155700.0,0,39,39,0.0
155600.0,0,108,108,0.0
155500.0,0,144,144,0.0
155400.0,0,66,66,0.0
155300.0,0,33,33,0.0
155200.0,0,57,57,0.0
155100.0,0,51,51,0.0
155000.0,0,72,72,0.0
154900.0,0,231,231,0.0
154800.0,0,132,132,0.0
154700.0,0,27,27,0.0
154400.0,0,24,24,0.0
153200.0,0,30,30,0.0
154300.0,0,33,33,0.0
154200.0,0,114,114,0.0
154100.0,0,78,78,0.0
154000.0,0,126,126,0.0
153900.0,0,36,36,0.0
153800.0,0,60,60,0.0
153700.0,0,51,51,0.0
153600.0,0,24,24,0.0
153500.0,0,45,45,0.0
153400.0,0,45,45,0.0
153300.0,0,63,63,0.0
161600.0,0,84,84,0.0
161800.0,0,54,54,0.0
161900.0,0,57,57,0.0
170500.0,0,129,129,0.0
171700.0,0,9,9,0.0
171600.0,0,87,87,0.0
171500.0,0,108,108,0.0
171400.0,0,54,54,0.0
171300.0,0,12,12,0.0
171100.0,0,24,24,0.0
170900.0,0,6,6,0.0
170802.0,0,60,60,0.0
170801.0,0,12,12,0.0
170700.0,0,6,6,0.0
170600.0,0,12,12,0.0
170400.0,0,6,6,0.0
171802.0,0,33,33,0.0
170300.0,0,36,36,0.0
170200.0,0,15,15,0.0
170100.0,0,6,6,0.0
170000.0,0,60,60,0.0
169900.0,0,12,12,0.0
169800.0,0,6,6,0.0
169700.0,0,24,24,0.0
169600.0,0,36,36,0.0
169500.0,0,45,45,0.0
169400.0,0,39,39,0.0
169300.0,0,15,15,0.0
171801.0,0,6,6,0.0
171900.0,0,33,33,0.0
169100.0,0,6,6,0.0
173800.0,0,45,45,0.0
175400.0,0,6,6,0.0
175300.0,0,126,126,0.0
175200.0,0,6,6,0.0
175000.0,0,105,105,0.0
174900.0,0,66,66,0.0
174800.0,0,15,15,0.0
174600.0,0,18,18,0.0
174200.0,0,18,18,0.0
174100.0,0,51,51,0.0
174000.0,0,51,51,0.0
173900.0,0,78,78,0.0
173700.0,0,6,6,0.0
172000.0,0,33,33,0.0
173600.0,0,12,12,0.0
173400.0,0,12,12,0.0
173300.0,0,21,21,0.0
173200.0,0,24,24,0.0
173100.0,0,6,6,0.0
173000.0,0,24,24,0.0
172600.0,0,33,33,0.0
172400.0,0,15,15,0.0
172300.0,0,6,6,0.0
172200.0,0,6,6,0.0
172100.0,0,48,48,0.0
169200.0,0,78,78,0.0
168900.0,0,12,12,0.0
162000.0,0,72,72,0.0
163400.0,0,99,99,0.0
164600.0,0,75,75,0.0
164500.0,0,54,54,0.0
164400.0,0,57,57,0.0
164300.0,0,105,105,0.0
164200.0,0,66,66,0.0
164000.0,0,75,75,0.0
163900.0,0,48,48,0.0
163800.0,0,24,24,0.0
163700.0,0,84,84,0.0
163600.0,0,87,87,0.0
163500.0,0,105,105,0.0
163300.0,0,99,99,0.0
164800.0,0,21,21,0.0
163200.0,0,186,186,0.0
163100.0,0,54,54,0.0
163000.0,0,156,156,0.0
162900.0,0,18,18,0.0
162800.0,0,45,45,0.0
162700.0,0,30,30,0.0
162600.0,0,210,210,0.0
162500.0,0,39,39,0.0
162400.0,0,42,42,0.0
162300.0,0,12,12,0.0
162100.0,0,189,189,0.0
164700.0,0,30,30,0.0
164900.0,0,6,6,0.0
168800.0,0,6,6,0.0
166700.0,0,18,18,0.0
168600.0,0,9,9,0.0
168500.0,0,54,54,0.0
168100.0,0,18,18,0.0
168000.0,0,6,6,0.0
167800.0,0,48,48,0.0
167700.0,0,15,15,0.0
167600.0,0,15,15,0.0
167200.0,0,12,12,0.0
167100.0,0,84,84,0.0
167000.0,0,24,24,0.0
166900.0,0,6,6,0.0
166300.0,0,12,12,0.0
165000.0,0,24,24,0.0
166200.0,0,9,9,0.0
166100.0,0,36,36,0.0
166000.0,0,15,15,0.0
165900.0,0,42,42,0.0
165800.0,0,75,75,0.0
165700.0,0,51,51,0.0
165600.0,0,36,36,0.0
165500.0,0,189,189,0.0
165400.0,0,63,63,0.0
165300.0,0,141,141,0.0
165100.0,0,39,39,0.0
363300.0,0,9,9,0.0
